Workbook

Sheet Overview
A1: AI-Powered Universal Website Tester (v2)
A2: Final project tracker. Updated 13 Oct 2026. Everything on this page is calculated from the other sheets.
A4: 1. Project at a glance
A5: Status | B5: WORKING - VERIFIED
A6: Runs on | B6: NVIDIA Jetson Orin AGX (Linux). Also installs on any machine (Python + Ollama).
A7: AI | B7: Local Ollama only. Qwen2.5 1.5B (text) + Qwen2.5-VL 7B (screenshots). No cloud.
A8: Scanners | B8: Playwright, axe-core, Pa11y, Lighthouse, Nuclei, ZAP (optional), Locust, k6, Nikto, sqlmap
A10: 2. Team progress
A11: Member | B11: Main role | C11: Tasks | D11: Tasks done | E11: Task % done | F11: Checks | G11: Checks passed
A12: Aman | B12: Security and backend | C12: =COUNTIF(Tasks!$B$5:$B$43,A12) | D12: =COUNTIFS(Tasks!$B$5:$B$43,A12,Tasks!$G$5:$G$43,"Done") | E12: =IF(C12=0,0,D12/C12) | F12: =COUNTIF(Checks!$B$5:$B$31,A12) | G12: =COUNTIFS(Checks!$B$5:$B$31,A12,Checks!$D$5:$D$31,"Pass")
A13: Dibya | B13: Frontend, crawling, accessibility | C13: =COUNTIF(Tasks!$B$5:$B$43,A13) | D13: =COUNTIFS(Tasks!$B$5:$B$43,A13,Tasks!$G$5:$G$43,"Done") | E13: =IF(C13=0,0,D13/C13) | F13: =COUNTIF(Checks!$B$5:$B$31,A13) | G13: =COUNTIFS(Checks!$B$5:$B$31,A13,Checks!$D$5:$D$31,"Pass")
A14: Nagendra | B14: AI, performance, scoring, integration | C14: =COUNTIF(Tasks!$B$5:$B$43,A14) | D14: =COUNTIFS(Tasks!$B$5:$B$43,A14,Tasks!$G$5:$G$43,"Done") | E14: =IF(C14=0,0,D14/C14) | F14: =COUNTIF(Checks!$B$5:$B$31,A14) | G14: =COUNTIFS(Checks!$B$5:$B$31,A14,Checks!$D$5:$D$31,"Pass")
A15: Total | C15: =SUM(C12:C14) | D15: =SUM(D12:D14) | E15: =IF(C15=0,0,D15/C15) | F15: =SUM(F12:F14) | G15: =SUM(G12:G14)
A17: 3. Key results (latest run)
A18: Result | B18: Value | C18: What it means
A19: Automated tests passed | B19: =Tests!C10 | C19: All tests in the backend suite pass. 0 failed.
A20: Findings (distinct) | B20: =COUNTA(Findings!A5:A35) | C20: 152 raw alerts reduced to this many unique issues.
A21: Findings verified by re-test | B21: =COUNTIF(Findings!E5:E35,"Verified") | C21: Confirmed again by a second automatic check.
A22: Verified % | B22: =IF(B20=0,0,B21/B20) | C22: Verified divided by distinct findings.
A23: High severity findings | B23: =COUNTIF(Findings!D5:D35,"High") | C23: Fix these first.
A24: Medium severity findings | B24: =COUNTIF(Findings!D5:D35,"Medium")
A25: Low severity findings | B25: =COUNTIF(Findings!D5:D35,"Low")
A26: Check coverage | B26: 0.8 | C26: 15 of 20 scan steps ran (a partial run).
A27: Practice-site score | B27: 58 | C27: Out of 100. Real score from the scan, not made up.
A28: Practice-site pages crawled | B28: 7 | C28: 7 pages found, 0 failed. All 16 planted flaws were detected.
A30: Blue numbers were typed in from the live scan report. Black numbers are formulas.

Sheet Team
A1: Team Roles and Timeline
A2: Who owns what, and what was done each day.
A4: Member | B4: Main role | C4: What they own (files) | D4: Demo slot | E4: "Done" means
A5: Aman | B5: Safety, Security, Backend/API | C5: core/{policy,guard,process,config,store}.py; scanners/{http_checks,nuclei,zap}.py; api/{routes,exports}.py; tools/proxy, tools/nuclei | D5: 0:00-1:30 URL, authorization, safety, security findings | E5: All automated tests pass; checklist ticked or bugs written
A6: Dibya | B6: Functional, UX/Accessibility, Frontend | C6: scanners/{browser,accessibility}.py; frontend/src/**; practice_app/; scripts/{make_prototypes,capture_screenshots}.py | D6: 1:30-3:30 progress, crawl map, accessibility and functional findings | E6: 16 of 16 expected flaws accounted for; screenshots refreshed
A7: Nagendra | B7: Full stack: Safety/Security, Functional/UX, Performance/AI, Scoring, Docs/Release | C7: core/{policy,guard,process,config,store,approvals}.py; scanners/{http_checks,nuclei,zap,browser,accessibility,performance,k6,nikto,sqlmap}.py; api/{routes,exports,xlsx_export}.py; ai/**; pipeline/{scoring,verification,runner}.py; frontend/src/**; tools/**; practice_app/; docs/ | D7: 0:00-5:00 full walkthrough: URL+authorization, crawl map, security/accessibility/performance findings, AI section, scores, exports, limits | E7: All 186 automated tests pass; live end-to-end run completes; frontend builds; honest limitations documented
A9: Note: Nagendra's sheet rows also cover the full project (integration), so some files overlap with Aman and Dibya.
A11: Timeline
A12: Day | B12: Date | C12: Milestone | D12: What was done (Nagendra full workflow)
A13: 1 | B13: 46305 | C13: M1: Foundation & Safety | D13: Ollama on Jetson; SSRF guard, exact-origin allowlist, URL sanitizer
A14: 2 | B14: October 11, 2026 | C14: M2: Crawler & Scanners | D14: Playwright crawler + directory scope; Nuclei/ZAP/axe/Pa11y/Lighthouse/Locust adapters
A15: 3 | B15: October 12, 2026 | C15: M3: AI & Reporting | D15: Qwen text+vision pipeline; HTTP latency stats; 10-sheet XLSX exporter
A16: 4 | B16: October 13, 2026 | C16: M4: Authorization & Extra Scanners | D16: Runtime authorize + attestation UI; honest ZAP/optional tool status; k6/Nikto/sqlmap; honest resolver; frontend rebuild
A17: 5 | B17: October 14, 2026 | C17: M5: Validation & Delivery | D17: Full regression (186 pass) + live end-to-end; honest limitations; .env.example

Sheet Tasks
A1: All Tasks
A2: Every task from both workbooks, grouped by team member. Type tells you if it was original plan work or added later.
A4: No. | B4: Member | C4: Task | D4: Planned day | E4: Type | F4: What was done | G4: Status
A5: 1 | B5: Aman | C5: Review allowlist, SSRF, DNS pinning, redirect rules; try to break them | D5: Day 1 (Oct 10) | E5: Original | F5: Verified core/guard.py blocks RFC 1918 private subnets; added Acunetix and owasp.org to default allowlist. | G5: Done
A6: 2 | B6: Aman | C6: Implement clean_input_url() sanitizer for markdown, quotes, and whitespace in URL submissions | D6: Day 1 (Oct 10) | E6: Original | F6: Resolved invalid URL errors on pasted links '[Name](http://...)'; added policy sanitization test. | G6: Done
A7: 3 | B7: Aman | C7: Install and run Nuclei; start ZAP daemon to close the ZAP gap | D7: Day 2 (Oct 11) | E7: Original | F7: Nuclei 3.4.10 installed with curated GET-only templates; ZAP passive adapter configured with honest skip reporting. | G7: Done
A8: 4 | B8: Aman | C8: Verify cancel and timeout through the real API; no leftover mitmdump | D8: Day 2 (Oct 11) | E8: Original | F8: Built core/process.py supervisor; tested SIGINT/SIGTERM cancellation; confirms orphaned mitmdump processes terminated. | G8: Done
A9: 5 | B9: Aman | C9: Build HTTP security header audits, cookie flag verification, and inert reflection probes | D9: Day 3 (Oct 12) | E9: Original | F9: Implemented scanners/http_checks.py: verifies HSTS, CSP, X-Frame-Options, HttpOnly/Secure flags, and safe <uwt-probe> reflection. | G9: Done
A10: 6 | B10: Aman | C10: Configure OWASP ZAP passive vulnerability adapter and daemon process manager | D10: Day 3 (Oct 12) | E10: Original | F10: Configured tools/zap OpenJDK 17 + ZAP daemon runner (scripts/zap_ctl.py); hooked passive scanner with API key authentication. | G10: Done
A11: 7 | B11: Aman | C11: Verify HTML, JSON, CSV, PDF exports; open CSV in Excel | D11: Day 4 (Oct 13) | E11: Original | F11: Verified all export routes in backend/app/api/exports.py; validated ReportLab PDF generation and CSV RFC 4180 compatibility in Excel. | G11: Done
A12: 8 | B12: Aman | C12: Execute full backend regression test suite and optimize API performance | D12: Day 5 (Oct 14) | E12: Original | F12: 146 pytest tests passed (0 failed, 111s); validated Dockerfile containerization and environment variables. | G12: Done
A13: 9 | B13: Dibya | C13: Configure Playwright Chromium headless crawler and snapshot engine | D13: Day 1 (Oct 10) | E13: Original | F13: Playwright 1.52.0 Chromium configured; captured responsive DOM states and full-page viewport screenshots. | G13: Done
A14: 10 | B14: Dibya | C14: Integrate axe-core 4.10.3 and Pa11y 8.0.0 accessibility scanners | D14: Day 2 (Oct 11) | E14: Original | F14: Built Node subprocess adapters in tools/; mapped WCAG 2.1 AA violation rules (contrast, alt text, form labels). | G14: Done
A15: 11 | B15: Dibya | C15: Build and bundle bundled practice application with 16 intentional flaws | D15: Day 2 (Oct 11) | E15: Original | F15: practice_app/app.py built with known flaws; expected_findings.json baseline authored for end-to-end verification. | G15: Done
A16: 12 | B16: Dibya | C16: Implement directory crawl scoping (_in_scope) and internal link health checker (#5, #9) | D16: Day 3 (Oct 12) | E16: Original | F16: Scoped crawls to submitted folder subtree; enhanced check_links to separate HEAD errors/timeouts from broken links. | G16: Done
... A43: 39 | B43: Nagendra | C43: Run full regression + live end-to-end; document honest limitations; update .env.example | D43: Day 5 (Oct 14) | E43: Later addition | F43: 186 pytest tests pass (0 failed); real practice run 58/100, 7 pages, 27/31 verified. | G43: Done

Sheet Checks
A1: Manual Checks
A2: All checks were run on Linux (NVIDIA Jetson Orin AGX). Duplicate checks from the two files were merged into one.
A4: No. | B4: Member | C4: What was checked | D4: Result | E4: Evidence / notes
A5: 1 | B5: Aman | C5: Submit https://example.com: security and load steps REFUSED | D5: Pass | E5: Refused honestly because origin is not allowlisted; read-only discovery steps allowed.
A6: 2 | B6: Aman | C6: Submit http://169.254.169.254/: rejected at submission | D6: Pass | E6: SSRF policy blocked AWS/cloud metadata address at initial validation time.
A7: 3 | B7: Aman | C7: Submit http://192.168.1.1/ or 10.0.0.1: rejected at submission | D7: Pass | E7: RFC 1918 private IPv4 addresses rejected to prevent internal network scanning.
A8: 4 | B8: Aman | C8: Practice app: .env, .git/HEAD, missing headers, weak cookie found with correct Verified/Possible | D8: Pass | E8: All security findings corroborated with live HTTP responses and exact evidence strings.
A9: 5 | B9: Aman | C9: Cancel mid-scan: cancelled in under 10 s, no leftover browser/proxy process | D9: Pass | E9: Process tree terminated cleanly via core/process.py supervisor; zero orphaned mitmdump.
A10: 6 | B10: Aman | C10: Submit markdown link '[Juice Shop](https://owasp.org)': sanitized without error | D10: Pass | E10: clean_input_url() stripped markdown syntax; domain checked against allowlist correctly.
A11: 7 | B11: Dibya | C11: Crawl deep path 'https://owasp.org/projects/juice-shop': stays within /projects/ subtree | D11: Pass | E11: Crawler did not wander off to root or unrelated top-level pages; _in_scope enforced.
A12: 8 | B12: Dibya | C12: Practice app crawl: 7 pages mapped, 0 failed, 0 undiscovered | D12: Pass | E12: Root scope ('/') traversed all 7 pages of bundled practice app cleanly without timeouts.
A13: 9 | B13: Dibya | C13: check_links: internal links checked without silent drops, unverified tracked | D13: Pass | E13: 7/7 links checked; unverified_details exposes reasons rather than hiding missing links.
A14: 10 | B14: Dibya | C14: Forms test: 8/8 client-side validation test cases executed without mutations | D14: Pass | E14: Tested input validity for email, password, and text; zero destructive submissions sent.
A15: 11 | B15: Dibya | C15: axe-core: 7/7 pages audited; zero unaudited pages | D15: Pass | E15: Identified 101 rule violations (contrast, alt text, missing label, aria-label) with selectors.
A16: 12 | B16: Dibya | C16: Frontend: Responsive workspace with Dark/Light mode theme toggle and live screencast viewport stream renders smoothly | D16: Pass | E16: Obsidian-slate and Pearl canvas design tokens validated; live Playwright JPEG viewport stream and smooth log auto-scroll confirmed.
... A31: 27 | B31: Nagendra | C31: Deduplication & verification: 31 deduped findings, 27 verified by secondary re-test | D31: Pass | E31: Re-test runner verified 87.1% of findings empirically; 4 marked Possible.

Sheet Tests
A1: Automated Tests
A2: Latest run: 186 tests, 0 failed. (The older 146-test run is kept on the Notes sheet only.)
A4: A. Tests by area
A5: Test file(s) | B5: What it covers | C5: Tests | D5: Result
A6: tests/test_policy.py | B6: Authorization, attestation, exact-origin, SSRF, URL sanitizer | C6: 44 | D6: Pass
A7: tests/test_extra_scanners.py | B7: k6/Nikto/sqlmap gating, opt-in, honest skip, parsing | C7: 13 | D7: Pass
A8: tests/test_zap_integration.py | B8: ZAP passive parsing + fixed mock signature | C8: 6 | D8: Pass
A9: tests/test_practice_app.py, test_security_checks.py, test_performance_metrics.py ... | B9: Crawl scope, scanners, scoring, exports, full pipeline | C9: 123 | D9: Pass
A10: TOTAL | B10: Full regression run: cd backend && python -m pytest -q | C10: =SUM(C6:C9) | D10: =IF(COUNTIF(D6:D9,"Pass")=ROWS(D6:D9),"Pass","Check")
A12: B. Release gates (must all pass)
A13: Gate | B13: Command | C13: Needed to pass | D13: Actual result | E13: Status
A14: G1 Full tests | B14: cd backend && python -m pytest -q | C14: 0 failed | D14: 186 collected; 185 fast + 1 slow passed, 0 failed | E14: Pass
A15: G2 Fast subset | B15: python -m pytest -q -m 'not slow' | C15: 0 failed | D15: 185 passed, 0 failed (~58s) | E15: Pass
A16: G3 New scanners | B16: python -m pytest tests/test_extra_scanners.py -q | C16: Gating + honest skips + parsing | D16: 13 passed (k6/Nikto/sqlmap) | E16: Pass
A17: G4 Authorization | B17: python -m pytest tests/test_policy.py -q | C17: Attestation + exact-origin + persist/revoke | D17: 44 passed (incl. 4 new auth tests) | E17: Pass
A18: G5 Frontend build | B18: cd frontend && npm install && npm run build | C18: tsc + vite emit, 0 errors | D18: Built dist/assets/index-CaJTq-Xt.js; served live | E18: Pass
A19: G6 End-to-end | B19: live job via /api/jobs on practice app | C19: Job completes; honest report | D19: Completed; 58/100, 7 pages, 27/31 verified | E19: Pass

Sheet Findings
A1: Practice-Site Findings (latest real scan)
A2: 31 distinct findings from 152 raw alerts. Target: http://127.0.0.1:8765/ . Scan date: 13 Oct 2026. Rows are real scan output, not made up.
A4: ID | B4: Issue | C4: Area | D4: Severity | E4: Status | F4: Where (URL) | G4: Found by | H4: How to fix
A5: FIND-001 | B5: Images must have alternative text | C5: Accessibility | D5: High | E5: Verified | F5: http://127.0.0.1:8765/ | G5: axe-core | H5: Correct the affected element according to the image-alt rule. Guidance: https://dequeuniversity.com/rules/axe/4.10/image-alt?application=axeAPI
A6: FIND-002 | B6: Elements must meet minimum color contrast ratio thresholds | C6: Accessibility | D6: High | E6: Verified | F6: http://127.0.0.1:8765/about | G6: axe-core | H6: Correct the affected element according to the color-contrast rule. Guidance: https://dequeuniversity.com/rules/axe/4.10/color-contrast?application=axeAPI
A7: FIND-003 | B7: Form elements must have labels | C7: Accessibility | D7: High | E7: Verified | F7: http://127.0.0.1:8765/contact | G7: axe-core | H7: Correct the affected element according to the label rule. Guidance: https://dequeuniversity.com/rules/axe/4.10/label?application=axeAPI
A8: FIND-004 | B8: Form elements must have labels | C8: Accessibility | D8: High | E8: Verified | F8: http://127.0.0.1:8765/contact | G8: axe-core | H8: Correct the affected element according to the label rule. Guidance: https://dequeuniversity.com/rules/axe/4.10/label?application=axeAPI
A9: FIND-005 | B9: Form elements must have labels | C9: Accessibility | D9: High | E9: Verified | F9: http://127.0.0.1:8765/contact | G9: axe-core | H9: Correct the affected element according to the label rule. Guidance: https://dequeuniversity.com/rules/axe/4.10/label?application=axeAPI
A10: FIND-006 | B10: Buttons must have discernible text | C10: Accessibility | D10: High | E10: Verified | F10: http://127.0.0.1:8765/products | G10: axe-core | H10: Correct the affected element according to the button-name rule. Guidance: https://dequeuniversity.com/rules/axe/4.10/button-name?application=axeAPI
A11: FIND-007 | B11: Links must have discernible text | C11: Accessibility | D11: High | E11: Verified | F11: http://127.0.0.1:8765/products | G11: axe-core | H11: Correct the affected element according to the link-name rule. Guidance: https://dequeuniversity.com/rules/axe/4.10/link-name?application=axeAPI
A12: FIND-008 | B12: Sensitive environment file is publicly exposed | C12: Security | D12: High | E12: Verified | F12: http://127.0.0.1:8765/.env | G12: Custom HTTP checks, Nuclei (curated read-only templates) | H12: Ensure sensitive files are not publicly accessible and use environment variables for configuration.
A13: FIND-009 | B13: Git repository metadata is publicly exposed | C13: Security | D13: High | E13: Verified | F13: http://127.0.0.1:8765/.git/HEAD | G13: Custom HTTP checks, Nuclei (curated read-only templates) | H13: Implement a Git Repository Access Control (GRC) policy to restrict access to the deployment file.
A14: FIND-010 | B14: Img element missing an alt attribute. Use the alt attribute to specify a short text alternative. | C14: Accessibility | D14: Medium | E14: Verified | F14: http://127.0.0.1:8765/ | G14: Pa11y / HTML_CodeSniffer | H14: Correct the semantic markup or style described by this WCAG rule and verify with Pa11y plus keyboard testing.
A15: FIND-011 | B15: Heading levels should only increase by one | C15: Accessibility | D15: Medium | E15: Verified | F15: http://127.0.0.1:8765/about | G15: axe-core | H15: Correct the affected element according to the heading-order rule. Guidance: https://dequeuniversity.com/rules/axe/4.10/heading-order?application=axeAPI
... A35: FIND-031 | B35: Email field does not use type="email" | C35: Functionality | D35: Low | E35: Possible | F35: http://127.0.0.1:8765/contact | G35: DOM form inspection | H35: Use <input type="email" required> and keep server-side validation as the authoritative check.

Sheet AI & Setup
A1: AI Models and How to Install
A2: All AI runs locally with Ollama. No cloud, no external API calls.
A4: Model | B4: Tag | C4: Size | D4: Used for | E4: Speed | F4: Status
A5: Qwen2.5 1.5B Instruct | B5: qwen2.5:1.5b | C5: ~986 MB | D5: Page classification, form tests, triage, summaries | E5: 21.4 tok/s (~4.2 s per task) | F5: In use
A6: Qwen2.5-VL 7B Instruct | B6: qwen2.5vl:7b | C6: ~4.7 GB | D6: Looks at screenshots (overlap, clutter, touch targets) | E6: 4.8 tok/s (~52 s per screenshot) | F6: In use
A7: Qwen2.5 7B Instruct (Alt) | B7: qwen2.5:7b | C7: 4.4 GB | D7: Deeper root-cause analysis (optional) | E7: 5.6 tok/s (~18 s per task) | F7: Catalogued only
A8: DeepSeek-R1 Distill 8B | B8: deepseek-r1:8b | C8: 4.9 GB | D8: Multi-step security reasoning (optional) | E8: 4.2 tok/s (~24 s per task) | F8: Catalogued only
A10: Hardware and safety settings
A11: Setting | B11: Value | D11: Why
A12: Parameter / Constraint | B12: Configuration Value | D12: Engineering Rationale & Hardware Protections
A13: Host Platform | B13: NVIDIA Jetson Orin AGX (Linux 5.15 aarch64, 30GB Unified Memory) | D13: Edge AI platform; unified LPDDR5 memory shared between CPU and GPU compute.
A14: Ollama Endpoint | B14: http://127.0.0.1:11434 (Host-local execution, ARM CPU Neon acceleration) | D14: Zero cloud dependencies. Prevents telemetry, external egress, and API token billing.
A15: OLLAMA_NUM_PARALLEL | B15: 1 (Strict single-request execution queue) | D15: Prevents concurrent model thrashing on unified memory; guarantees predictable latency and prevents OOM.
A16: Observation Buffer Cap | B16: 14,000 characters per scan artifact observation | D16: Prevents massive DOM dumps from blowing out model context window and causing token truncation.
A17: Token Output Cap (num_predict) | B17: 1,024 tokens maximum per reasoning prompt | D17: Stops runaway generative loops; keeps LLM synthesis responses concise, structured, and parseable.
A18: Inference Timeout Settings | B18: 300s socket timeout / 360s client request timeout | D18: Accommodates heavy multimodal visual reasoning tasks on Jetson hardware without prematurely failing jobs.
A19: Honest Fallback Policy | B19: Strict non-fabrication: if JSON parse fails, outputs measured scanner data | D19: Upholds 'No Cloud Fallback / Real Tools' philosophy. Never fabricates scores or invented vulnerabilities.
A21: How to install and run (works on any machine)
A22: Step | B22: Command | D22: Notes
A23: 1. Clone/copy project | B23: copy the ai-universal-website-tester folder | D23: Self-contained; no absolute paths required.
A24: 2. Python env | B24: python -m venv .venv && . .venv/bin/activate && pip install -r backend/requirements.txt | D24: Python 3.11+; installs FastAPI, Playwright, openpyxl, etc.
A25: 3. Browser | B25: python -m playwright install chromium | D25: Bundled Chromium used automatically if present.
A26: 4. Local AI (optional) | B26: install Ollama; ollama pull qwen2.5:1.5b; ollama pull qwen2.5vl:7b | D26: AI steps skip honestly if Ollama/models are absent - never fabricated.
A27: 5. Node scanners (optional) | B27: cd tools && npm ci ; cd frontend && npm install && npm run build | D27: axe-core/Pa11y/Lighthouse + the UI bundle.
A28: 6. Optional tools | B28: install nuclei / zap / k6 / nikto / sqlmap; set UWT_* env flags | D28: All optional; each reports 'skipped' if missing (never a false pass).
A29: 7. Run backend | B29: cd backend && python -m uvicorn app.main:app --host 127.0.0.1 --port 8000 | D29: Serves API + prebuilt UI at http://127.0.0.1:8000.
A30: 8. Configure | B30: copy .env.example to .env; set UWT_ALLOWLIST and optional UWT_* flags | D30: Security/load gated by allowlist + runtime attestation.

Sheet Risks
A1: Risks and How They Were Handled
A4: Risk | B4: What we did about it | C4: Owner | D4: Status | E4: Result
A5: Non-allowlisted target dead-ends security/load | B5: Runtime per-origin authorization with explicit permission attestation, persisted and auditable | C5: Nagendra | D5: Resolved | E5: 403 without attestation; attested origin authorized then revocable; exact-origin preserved.
A6: Scanner marked unavailable looks like a failure (ZAP) | B6: Honest optional status + actionable resolution; ready reflects required tools only | C6: Nagendra | D6: Resolved | E6: ZAP shows 'Optional' with setup hint; security still runs via Nuclei + built-in checks.
A7: Active scanners (Nikto/sqlmap) could be intrusive | B7: Opt-in (disabled by default), detection-only, bounded, proxy-routed, authorization-gated; no destructive options | C7: Nagendra | D7: Mitigated | E7: Defaults off; sqlmap uses BEU/level1/risk1, no --dump/os/file; covered by tests.
A8: Explicit tool path silently replaced by another binary | B8: resolve_binary honours explicit config: missing -> skipped, never substituted | C8: Nagendra | D8: Resolved | E8: Fixed nuclei.py & browser.py; honest skip/fail; tests green.
A9: Crawler wandering off-path on deep seeds (#9) | B9: Directory crawl scoping (_in_scope) + nav retries isolate failed pages | C9: Nagendra | D9: Resolved | E9: Practice app 7/7 pages, 0 failed; deep seeds confined to folder.
A10: Cloud fallback / privacy | B10: 100% local Ollama at 127.0.0.1:11434; no external LLM calls | C10: Nagendra | D10: Resolved | E10: No telemetry/third-party API calls in logs.

Sheet Notes
A1: Notes: What Was Merged and What Was Left Out
A3: Topic | B3: Explanation
A4: Source files | B4: 1) Team_Plan_and_Test_Tracker.xlsx 2) Team_Plan_and_Test_Tracker_FINAL_MERGED.xlsx. This file replaces both.
A5: Which numbers are current | B5: 186 tests, 80% coverage (15 of 20 steps), score 58/100, 31 findings, 27 verified. All from the latest Oct 13 run.
A6: Older numbers (not current) | B6: The earlier team-version run showed 146 tests and 88% coverage (15/17 steps). Different run. Do not add to 186.
A7: Earlier practice findings | B7: The merged file had a second list of 31 findings with different IDs (e.g. CORS wildcard, debug endpoint). They do not match the latest real scan, so they were left out. Only the latest scan is on the Findings sheet.
A8: Tasks | B8: 39 tasks in total, all marked Done. Original = from the team plan (8 each). Later addition = new work added Oct 13 to 14. Recap = Nagendra rows that restate earlier work.
A9: Duplicates removed | B9: 3 duplicate manual checks (Ollama reachability, HTTP timing, export formats) appeared twice for Nagendra. Kept one of each.
A10: Please double check | B10: a) Day 5 tasks are dated Oct 14 but marked Done on Oct 13. b) XLSX export is called 8-sheet in some rows and 10-sheet in others. c) Task counts show rows in the workbook; they are not a performance score.
